Year,Month,Return_Pct,Profit_USD,Equity_USD,Drawdown_Pct
2019,Jan,3.19,3192.56,103192.56,0.0
2019,Feb,4.72,4867.2,108059.76,0.0
2019,Mar,2.93,3169.6,111229.36,0.0
2019,Apr,4.93,5483.55,116712.91,0.0
2019,May,5.58,6512.13,123225.04,0.0
2019,Jun,2.77,3408.76,126633.81,0.0
2019,Jul,5.74,7269.53,133903.33,0.0
2019,Aug,4.62,6181.51,140084.85,0.0
2019,Sep,4.6,6442.38,146527.23,0.0
2019,Oct,-1.45,-2117.66,144409.58,1.45
2019,Nov,2.83,4091.33,148500.91,0.0
2019,Dec,4.34,6442.38,154943.29,0.0
2020,Jan,5.15,7984.75,162928.05,0.0
2020,Feb,4.75,7739.99,170668.03,0.0
2020,Mar,4.31,7361.47,178029.5,0.0
2020,Apr,5.96,10617.11,188646.61,0.0
2020,May,6.22,11740.79,200387.39,0.0
2020,Jun,4.24,8497.95,208885.35,0.0
2020,Jul,5.73,11963.45,220848.79,0.0
2020,Aug,4.87,10756.41,231605.2,0.0
2020,Sep,6.13,14189.33,245794.54,0.0
2020,Oct,4.71,11587.0,257381.54,0.0
2020,Nov,-0.91,-2335.02,255046.52,0.91
2020,Dec,5.35,13648.06,268694.58,0.0
2021,Jan,4.15,11162.37,279856.96,0.0
2021,Feb,4.1,11473.76,291330.71,0.0
2021,Mar,3.2,9319.83,300650.54,0.0
2021,Apr,3.98,11968.91,312619.46,0.0
2021,May,3.87,12113.89,324733.35,0.0
2021,Jun,4.53,14700.68,339434.03,0.0
2021,Jul,4.58,15562.14,354996.16,0.0
2021,Aug,2.82,9994.43,364990.59,0.0
2021,Sep,3.8,13881.64,378872.23,0.0
2021,Oct,-2.33,-8843.51,370028.72,2.33
2021,Nov,4.19,15499.98,385528.7,0.0
2021,Dec,5.25,20236.09,405764.79,0.0
2022,Jan,5.47,22209.71,427974.5,0.0
2022,Feb,6.59,28212.34,456186.84,0.0
2022,Mar,5.52,25191.98,481378.83,0.0
2022,Apr,-0.93,-4498.9,476879.92,0.93
2022,May,6.05,28853.96,505733.88,0.0
2022,Jun,4.53,22929.28,528663.16,0.0
2022,Jul,4.45,23545.56,552208.72,0.0
2022,Aug,4.74,26201.66,578410.38,0.0
2022,Sep,4.38,25359.49,603769.87,0.0
2022,Oct,0.05,273.87,604043.74,0.0
2022,Nov,6.42,38770.37,642814.11,0.0
2022,Dec,5.95,38224.08,681038.19,0.0
2023,Jan,4.84,32934.37,713972.56,0.0
2023,Feb,4.45,31794.54,745767.1,0.0
2023,Mar,5.94,44302.57,790069.67,0.0
2023,Apr,4.97,39302.56,829372.23,0.0
2023,May,5.85,48538.11,877910.35,0.0
2023,Jun,4.57,40136.0,918046.35,0.0
2023,Jul,5.55,50970.83,969017.18,0.0
2023,Aug,-0.78,-7594.08,961423.1,0.78
2023,Sep,4.26,40996.5,1002419.6,0.0
2023,Oct,5.12,51308.75,1053728.35,0.0
2023,Nov,4.51,47543.39,1101271.74,0.0
2023,Dec,-0.17,-1913.02,1099358.72,0.17
2024,Jan,4.24,46659.6,1146018.32,0.0
2024,Feb,5.05,57865.78,1203884.1,0.0
2024,Mar,3.06,36864.92,1240749.02,0.0
2024,Apr,3.76,46606.37,1287355.39,0.0
2024,May,2.98,38359.72,1325715.11,0.0
2024,Jun,5.01,66457.56,1392172.67,0.0
2024,Jul,-1.8,-25069.85,1367102.81,1.8
2024,Aug,5.45,74445.74,1441548.56,0.0
2024,Sep,4.33,62461.66,1504010.22,0.0
2024,Oct,5.16,77538.79,1581549.01,0.0
2024,Nov,5.69,89990.37,1671539.38,0.0
2024,Dec,5.27,88133.37,1759672.75,0.0
2025,Jan,-1.28,-22578.39,1737094.36,1.28
2025,Feb,5.99,104059.01,1841153.38,0.0
2025,Mar,4.57,84223.46,1925376.84,0.0
2025,Apr,5.5,105817.0,2031193.84,0.0
2025,May,6.28,127481.18,2158675.02,0.0
2025,Jun,-1.38,-29841.2,2128833.82,1.38
2025,Jul,4.32,91904.21,2220738.04,0.0
2025,Aug,3.69,81977.2,2302715.24,0.0
2025,Sep,6.23,143425.39,2446140.63,0.0
2025,Oct,3.68,90068.01,2536208.64,0.0
2025,Nov,6.24,158318.82,2694527.46,0.0
2025,Dec,5.21,140251.46,2834778.92,0.0
